,Material number,Supplier,Contract,Contract Position,Fulfillment time,Fixed contract 1,Fixed contract 2,Procurement type,Special procurement type,Dispatcher,Buyer,Purchasing group,Purchasing lot size,Total quantity,Total value,Price unit,Calendar,Plant,Plant information record,Information record number,Information record type,Plant processing time,Material master time,Product group,Base unit,if_anomaly
650,00384088,708008,,0,,,,F,,703,703.0,Z008,Y2,,,1000,E11,2000,,5300126891.0,0.0,1.0,14,120000000,MM,0
176,00360649,700020,5500002329.0,10,4.0,4.0,60.0,F,,708,708.0,Z011,X4,1560.0,3081.0,100,E20,2100,,5300071779.0,0.0,1.0,4,140100000,ST,0
353,04005135,701112,,0,,,,F,,272,272.0,Z012,Z2,90.0,14373.0,1000,,3000,,5300119991.0,0.0,1.0,28,110100000,ST,0
134,95183745,708868,,0,,,,F,,998,998.0,Z001,Y2,,,1,E13,2100,,5300374362.0,0.0,1.0,999,550100000,ST,0
35,00370453,700020,,0,,,,F,,708,708.0,Z011,X4,,,100,E20,2100,,5300003771.0,0.0,1.0,12,140100000,ST,0
596,95174157UB,700000,,0,,,,F,,998,998.0,Z001,Z1,,,1,,2100,,5300151620.0,0.0,1.0,999,10102000,ST,0
133,00341224,705589,,0,,,,F,,219,219.0,Z002,Z2,,,1,,2000,,5300090767.0,0.0,1.0,28,080200000,ST,0
68,00400053,702533,,0,,,,F,,206,206.0,Z002,Z7,,,1000,,2000,,5300016012.0,0.0,1.0,14,010201000,MM,0
281,00350787,701806,5500003585.0,10,4.0,4.0,60.0,F,,708,708.0,Z011,V5,9030.0,3139.0,100,E98,2000,,5300391586.0,0.0,2.0,4,140200000,ST,0
681,00360076,700020,5500002204.0,10,4.0,4.0,60.0,F,,708,708.0,Z011,X4,1030.0,9636.0,100,E20,2100,,5300016292.0,0.0,1.0,4,140100000,ST,0
595,60054443,2100,,0,,,,F,41.0,215,215.0,Z001,Z3,23050.0,8059074.0,1,,2000,2000.0,5300497768.0,0.0,1.0,2,080400000,ST,0
103,24761002,2000,,0,,,,F,40.0,223,223.0,Z012,Y3,,,1,E13,3000,3000.0,5300253535.0,0.0,1.0,999,10102000,ST,0
940,23651117,701528,5500007588.0,10,14.0,14.0,56.0,F,,733,733.0,Z011,Y9,230.0,55545.0,1,E14,3000,,5300195728.0,0.0,1.0,84,60100000,ST,0
194,00380559,708008,,0,,,,F,,706,706.0,Z002,Y2,,,100,E11,2000,,5300136494.0,0.0,1.0,14,120000000,ST,0
492,00350865,700020,,0,,,,F,,708,708.0,Z011,X4,,,100,E20,2100,,5300133387.0,0.0,1.0,12,140200000,ST,0
324,00240245,704239,5500005435.0,10,60.0,60.0,183.0,F,,708,708.0,Z011,Y5,1260.0,464926.0,1,E13,2100,,5300143131.0,0.0,1.0,360,90200000,ST,0
427,60024860,709741,5500005523.0,10,42.0,42.0,42.0,F,30.0,713,713.0,Z008,V9,,,1,E18,2000,,5300386627.0,3.0,1.0,42,10402000,ST,0
755,00370504,700020,,0,,,,F,,708,708.0,Z011,X4,140.0,527.0,100,E20,2000,,5300004076.0,0.0,1.0,28,140100000,ST,0
392,00370020,700020,,0,,,,F,,708,708.0,Z011,X4,,,100,E20,3000,,5300020170.0,0.0,1.0,12,140100000,ST,0
423,00371206,700020,,0,,,,F,,708,708.0,Z011,X4,,,100,E20,2000,,5300160627.0,0.0,1.0,28,140000000,ST,0
758,00370142,700020,,0,,,,F,,208,208.0,Z011,X4,37010.0,39356.0,100,E20,2000,,5300001459.0,0.0,1.0,12,140100000,ST,0
728,60068054,708008,,0,,,,F,,996,203.0,Z008,Y2,,,100,E11,2100,,5300449571.0,0.0,1.0,999,520200000,ST,0
29,95194023,712009,5500003451.0,20,14.0,14.0,112.0,F,,715,715.0,Z001,Y9,36940.0,391579.0,100,E13,2000,,5300194607.0,0.0,1.0,14,90400000,ST,0
661,00345335,711970,5500002122.0,20,14.0,14.0,84.0,F,,715,715.0,Z001,Y5,180.0,322559.0,1,E13,2000,,5300193701.0,0.0,1.0,84,80100000,ST,0
425,24692600UB,2000,,0,,,,F,40.0,205,205.0,Z012,Z1,,,1,,3000,3000.0,5300251754.0,0.0,1.0,999,010403000,ST,0
33,24246420,701056,,0,,,,F,,998,998.0,Z001,Z1,,,1,,2100,,5300195412.0,3.0,1.0,999,550100000,ST,0
643,60009056,2100,,0,,,,F,41.0,998,998.0,Z012,Z1,,,1,,3000,3000.0,5300357648.0,0.0,1.0,999,030202000,ST,0
299,60068043,708008,,0,,,,F,,996,203.0,Z008,Y2,,,100,E11,2100,,5300449564.0,0.0,1.0,999,520200000,ST,0
45,04001496,1900,,0,,,,F,,276,276.0,Z012,Y4,2170.0,631762.0,1,E11,3000,,5300078144.0,0.0,1.0,61,070600000,ST,0
465,00360084,701806,5500000352.0,10,4.0,4.0,60.0,F,,708,708.0,Z011,V4,480.0,7735.0,1,E98,2000,,5300174033.0,0.0,2.0,4,140100000,ST,0
948,60008899,715646,,0,,,,F,,228,228.0,Z010,Y2,,,100,E13,2100,,5300503173.0,0.0,1.0,28,10102000,ST,0
391,00440229,700020,,0,,,,F,,708,708.0,Z011,X4,,,1,E20,2100,,5300064843.0,0.0,1.0,28,140400000,ST,0
624,01503902,701528,5500008697.0,10,14.0,14.0,56.0,F,,733,733.0,Z011,Y4,1390.0,114576.0,1,E14,2000,,5300168612.0,0.0,1.0,56,60000000,ST,0
711,36020579,1900,,0,,,,F,,998,998.0,Z001,Z1,,,1,,2100,,5300157329.0,0.0,1.0,5,100202000,ST,0
945,00370580,701806,5500000463.0,10,4.0,4.0,60.0,F,,708,708.0,Z011,V5,10580.0,16782.0,100,E98,2000,,5300174173.0,0.0,2.0,4,140100000,ST,0
866,60012667,2100,,0,,,,F,41.0,232,232.0,Z012,Z1,,,100,,3000,3000.0,5300386513.0,0.0,1.0,28,10102000,ST,0
574,00360691,706261,,0,,,,F,,264,264.0,Z010,Y4,,,100,E11,2100,,5300120893.0,0.0,1.0,35,140100000,ST,0
619,01240781,701710,5500008471.0,10,14.0,14.0,50.0,F,,231,231.0,Z008,Y5,3560.0,44243.0,100,E14,3000,,5300126703.0,0.0,1.0,42,100202000,ST,0
498,95194438,2000,,0,,,,F,40.0,224,224.0,Z012,Z4,,,100,,3000,3000.0,5300314290.0,0.0,1.0,42,40100000,ST,0
269,28224901,2100,,0,,,,F,41.0,224,224.0,Z012,Z4,60.0,14832.0,1,,3000,3000.0,5300405591.0,0.0,1.0,42,010102000,ST,0
584,34570400UB,715408,,0,,,,F,,223,223.0,Z004,TB,,,1,,2100,,5300435385.0,3.0,1.0,56,10402000,ST,0
741,23109620,705086,,0,,,,F,,708,708.0,Z010,Y2,110.0,4735.0,100,E12,2000,,5300149019.0,0.0,1.0,42,070500000,ST,0
225,60048799,702686,5500007736.0,10,28.0,28.0,112.0,F,,715,715.0,Z003,Y6,20.0,12213.0,1,E13,2000,,5300413704.0,0.0,1.0,84,80100000,ST,0
297,28235702,2000,,0,,,,F,40.0,223,223.0,Z012,Z1,,,1,,3000,3000.0,5300264567.0,0.0,1.0,999,10102000,ST,0
554,60013014,704276,,0,,,,F,,228,228.0,Z001,Y2,,,1,E14,2000,,5300366436.0,0.0,1.0,42,10402000,ST,0
610,34302100,715408,,0,,,,F,,223,223.0,Z004,TB,,,1,,2000,,5300457396.0,3.0,1.0,56,010403000,ST,0
196,34460400,715408,,0,,,,F,30.0,223,223.0,Z004,TB,,,1,,2000,,5300436154.0,3.0,1.0,56,010403000,ST,0
641,95195458,700000,4600012824.0,10,42.0,,,F,,223,223.0,Z001,V2,230.0,371118.0,1,E19,2100,,5300185980.0,3.0,1.0,42,10501000,ST,0
314,24641600,2100,,0,,,,F,41.0,224,224.0,Z012,Z4,,,1,,3000,3000.0,5300198474.0,0.0,1.0,42,10402000,ST,0
99,35193007UB,2000,,0,,,,F,40.0,223,223.0,Z012,Z7,,,1,,3000,3000.0,5300288630.0,0.0,1.0,999,10102000,ST,0
822,60039987,2100,,0,,,,F,41.0,224,224.0,Z012,Z5,,,1,,3000,3000.0,5300459467.0,0.0,1.0,42,040100000,ST,0
887,04008232,705025,,0,,,,F,,998,998.0,Z001,Z1,,,100,,2100,,5300179034.0,0.0,1.0,42,070000000,ST,0
1,00360029,701806,5500000546.0,10,4.0,4.0,60.0,F,,708,708.0,Z011,V5,7790.0,10687.0,100,E98,2100,,5300174058.0,0.0,2.0,4,140100000,ST,0
440,28067305,2100,,0,,,,F,41.0,224,224.0,Z012,Z4,60.0,30695.0,100,,3000,3000.0,5300405442.0,0.0,1.0,35,010102000,ST,0
781,60109507,700535,5500007184.0,10,14.0,14.0,77.0,F,,733,733.0,Z011,Z1,40.0,91502.0,1,,2000,,5300526248.0,0.0,1.0,999,0,ST,0
293,23052504UB,700000,,0,,,,F,,723,723.0,Z001,V3,,,100,E19,2100,,5300137784.0,0.0,1.0,56,10102000,ST,0
162,60013308,1900,,0,,,,F,,996,998.0,Z001,Z1,,,1,,2000,,5300360379.0,0.0,1.0,999,00,ST,0
517,24150502,701528,4600008927.0,10,56.0,,,F,,233,233.0,Z011,Y4,1130.0,241705.0,1,E14,3000,,5300076415.0,0.0,1.0,84,60100000,ST,0
768,31085001UB,700000,,0,,,,F,,223,223.0,Z002,Z1,,,1,,2000,,5300123297.0,0.0,1.0,28,10102000,ST,0
668,34445112,700000,,0,,,,F,,223,223.0,Z012,Y2,40.0,8315.0,100,E14,3000,,5300082016.0,0.0,1.0,28,010102000,ST,0
656,60130135,706895,,0,,,,F,,278,278.0,Z012,Z1,,,100,,3000,,5300552138.0,0.0,1.0,28,00,ST,0
942,60068003,708008,,0,,,,F,,996,203.0,Z008,Y2,,,100,E11,2100,,5300449420.0,0.0,1.0,999,520200000,ST,0
337,60109998,708008,,0,,,,F,,996,203.0,Z008,Y2,,,100,E11,2100,,5300526639.0,0.0,1.0,999,520200000,ST,0
789,00345302,2100,,0,,,,F,41.0,215,215.0,Z011,Z4,,,1,,2000,2000.0,5300197010.0,0.0,2.0,3,080900000,ST,0
478,60034147,2100,,0,,,,F,41.0,224,224.0,Z012,Z5,,,1,,3000,3000.0,5300420723.0,0.0,1.0,28,010102000,ST,0
495,23906701UB,2000,,0,,,,F,40.0,211,211.0,Z012,Y2,,,100,E14,3000,3000.0,5300239817.0,0.0,1.0,28,10102000,ST,0
954,00100751,700222,,0,,,,F,,272,272.0,Z012,Y5,150.0,2176.0,100,E11,3000,,5300160506.0,0.0,1.0,14,070300000,ST,0
228,28181900UB,700585,4600012585.0,10,84.0,,,F,,203,203.0,Z010,Y5,80.0,62712.0,1,E14,3000,,5300084186.0,0.0,1.0,14,10401000,ST,0
153,24582027,701528,5500007590.0,10,14.0,14.0,56.0,F,,733,733.0,Z011,Y9,690.0,653417.0,1,E14,2000,,5300098415.0,0.0,1.0,84,60200000,ST,0
855,30098500,1900,,0,,,,F,,272,272.0,Z012,Y4,50.0,183178.0,1,E11,3000,,5300144841.0,0.0,1.0,68,070200000,ST,0
348,23873371UB,715646,,0,,,,F,40.0,228,228.0,Z010,Y2,,,100,E11,3000,,5300509263.0,0.0,1.0,28,10102000,ST,0
405,00370741,706261,,0,,,,F,,264,264.0,Z010,Y4,,,100,E11,2100,,5300120964.0,0.0,1.0,21,140100000,ST,0
750,60024306,2000,,0,,,,F,40.0,224,224.0,Z012,Z1,,,1,,3000,3000.0,5300375713.0,0.0,1.0,999,10402000,ST,0
393,60078220,2000,,0,,,,F,40.0,224,224.0,Z012,Z5,,,100,,3000,3000.0,5300462416.0,0.0,1.0,70,10102000,ST,0
235,60029404,702686,5500007888.0,10,28.0,28.0,112.0,F,,715,715.0,Z003,Y6,60.0,48281.0,1,E13,2000,,5300381573.0,0.0,1.0,84,80100000,ST,0
720,60058618,708038,5500007310.0,10,14.0,14.0,84.0,F,,715,715.0,Z001,Y6,30.0,642.0,1,E11,2100,,5300424687.0,0.0,1.0,84,80100000,ST,0
950,31240100UB,715408,,0,,,,F,,223,223.0,Z004,TB,,,1,,2100,,5300434789.0,3.0,1.0,56,10403000,ST,0
50,04006784,705960,,0,,,,F,,278,278.0,Z012,Z1,70.0,6793.0,100,,3000,,5300145400.0,0.0,1.0,14,131200000,ST,0
112,24206400,715408,,0,,,,F,,223,223.0,Z004,TB,,,1,,2100,,5300435332.0,0.0,1.0,56,010403000,ST,0
513,00347335,701230,,0,,,,F,,707,707.0,Z001,Z2,,,100,,2000,,5300162183.0,0.0,1.0,21,080600000,ST,0
528,21311100,2100,,0,,,,F,41.0,224,224.0,Z012,EX,,,1,,3000,3000.0,5300519691.0,0.0,1.0,42,550100000,ST,0
288,24937200UB,702225,,0,,,,F,,213,213.0,Z008,TB,,,1,,2000,,5300191689.0,0.0,1.0,56,10402000,ST,0
856,23253003,2100,,0,,,,F,41.0,221,221.0,Z012,Z6,80.0,1463.0,100,,3000,2000.0,5300197458.0,0.0,1.0,28,010102000,ST,0
555,60012294,715646,,0,,,,F,,228,228.0,Z012,Z1,,,100,,3000,,5300504684.0,0.0,1.0,999,10102000,ST,0
56,23035711UB,711636,,0,,,,F,,711,711.0,Z002,Z2,,,100,,2000,,5300362494.0,0.0,1.0,14,10102000,ST,0
790,24468104,2000,,0,,,,F,40.0,223,223.0,Z012,Z1,,,1,,3000,3000.0,5300247449.0,0.0,1.0,999,10103000,ST,0
907,00270266,701348,,0,,,,F,,206,206.0,Z002,Z2,,,1,,2000,,5300008142.0,0.0,1.0,14,131400000,ST,0
753,60096740,2000,,0,,,,F,40.0,224,224.0,Z012,Z5,,,100,,3000,3000.0,5300500261.0,0.0,1.0,10,10102000,ST,0
265,60006087,702584,,0,,,,F,,276,276.0,Z012,Y4,30.0,45205.0,1,E13,3000,,5300318080.0,0.0,1.0,280,070600000,ST,0
94,04004091,1900,,0,,,,F,,206,206.0,Z001,Y4,,,1,E11,2000,,5300087154.0,0.0,2.0,5,070500000,ST,0
540,04002618,1900,,0,,,,F,,278,278.0,Z012,Z1,,,1,,3000,,5300152498.0,0.0,1.0,19,140600000,ST,0
422,96182014,2000,,0,,,,F,40.0,224,224.0,Z012,Z4,,,100,,3000,3000.0,5300316642.0,0.0,1.0,42,010102000,ST,0
476,34714300,715408,,0,,,,F,,223,223.0,Z004,TB,,,1,,2000,,5300435578.0,0.0,1.0,56,010403000,ST,0
541,34994500,2100,,0,,,,F,41.0,213,213.0,Z011,Z5,,,1,,2000,2000.0,5300199883.0,0.0,2.0,3,010401000,ST,0
525,82010717,701805,,0,,,,F,,211,211.0,Z010,Y2,,,1,E11,2100,,5300070454.0,0.0,1.0,42,070500000,ST,0
974,24734633,2000,,0,,,,F,40.0,223,223.0,Z012,Z1,,,100,,3000,3000.0,5300252717.0,0.0,1.0,999,010102000,ST,0
730,00402009,703535,,0,,,,F,,203,203.0,Z002,Z2,,,1,,2000,,5300020907.0,0.0,40.0,49,131000000,ST,0
878,30020645,700151,,0,,,,F,40.0,233,233.0,Z011,Y4,,,1000,E15,2100,,5300191359.0,0.0,1.0,3,060100000,ST,0
386,00311079,2100,,0,,,,F,41.0,224,224.0,Z012,Z7,810.0,250137.0,1,,3000,3000.0,5300196963.0,0.0,1.0,29,010102000,ST,0
7,00200035,706261,,0,,,,F,,264,264.0,Z010,Y4,100.0,206.0,100,E11,2000,,,,1.0,28,080600000,ST,0
889,30113200,1900,,0,,,,F,,272,272.0,Z012,Z1,,,1,,3000,,5300152265.0,0.0,1.0,999,010402000,ST,0
535,36062602,2000,,0,,,,F,40.0,223,223.0,Z012,Z1,,,100,,3000,3000.0,5300291340.0,0.0,1.0,999,10102000,ST,0
863,34367802,2000,,0,,,,F,40.0,223,223.0,Z012,Z1,,,100,,3000,3000.0,5300278993.0,0.0,1.0,999,10102000,ST,0
223,04102064,706261,,0,,,,F,,264,264.0,Z010,Y4,,,100,E11,2000,,5300138408.0,0.0,1.0,21,140100000,ST,0
182,23593900,2100,,0,,,,F,41.0,224,224.0,Z012,Z5,,,1,,3000,3000.0,5300197929.0,0.0,1.0,42,10402000,ST,0
850,60041182,2100,,0,,,,F,41.0,224,224.0,Z012,Z5,,,100,,3000,3000.0,5300420580.0,0.0,1.0,28,010102000,ST,0
341,24563301,2000,,0,,,,F,40.0,213,213.0,Z012,Y2,,,100,E12,3000,3000.0,5300248675.0,0.0,1.0,999,10102000,ST,0
984,23485103UB,702225,,0,,,,F,,221,221.0,Z001,Z7,,,1,,2000,,5300032797.0,0.0,1.0,28,10102000,ST,0
499,60024921,701806,5500002551.0,10,4.0,4.0,60.0,F,,708,708.0,Z008,V5,2450.0,65231.0,100,E98,2000,,5300375931.0,0.0,2.0,4,140200000,ST,0
26,24322303,2000,,0,,,,F,40.0,213,213.0,Z012,Z1,,,100,,3000,3000.0,5300244608.0,0.0,1.0,999,10103000,ST,0
457,23054004,2100,,0,,,,F,41.0,224,224.0,Z012,Z5,,,1,,3000,3000.0,5300197307.0,0.0,1.0,31,010102000,ST,0
795,04007041,706899,,0,,,,F,,998,998.0,Z001,Z1,,,1,,2100,,5300156344.0,0.0,1.0,28,070000000,ST,0
917,34449200,2100,,0,,,,F,41.0,224,224.0,Z012,Z4,,,1,,3000,3000.0,5300199501.0,0.0,1.0,35,010402000,ST,0
565,00130644,703334,,0,,,,F,,203,203.0,Z010,Y5,,,1,E14,2100,,5300014745.0,0.0,1.0,84,070200000,ST,0
209,00200105,2000,,0,,,,F,40.0,203,203.0,Z012,Y4,100.0,292.0,100,E15,3000,3000.0,5300204373.0,0.0,1.0,21,100202000,ST,0
149,34842900,2100,,0,,,,F,41.0,224,224.0,Z012,Z5,450.0,65518.0,100,,3000,3000.0,5300199741.0,0.0,1.0,42,010401000,ST,0
90,60031778,2100,,0,,,,F,41.0,224,224.0,Z012,Z5,,,1,,3000,3000.0,5300520044.0,0.0,1.0,999,010403000,ST,0
450,60099002,2100,,0,,,,F,41.0,224,224.0,Z012,Z5,20.0,187534.0,1,,3000,3000.0,5300545982.0,0.0,1.0,10,00,ST,0
803,23655700UB,700119,,0,,,,F,,228,228.0,Z001,Y2,,,1,E15,2000,,5300356840.0,3.0,1.0,42,10402000,ST,0
937,60015272,700230,5500002573.0,20,14.0,14.0,84.0,F,,715,715.0,Z001,Y5,19130.0,82607.0,100,E14,2000,,5300363604.0,0.0,1.0,14,100202000,ST,0
183,00341049,701230,,0,,,,F,,707,707.0,Z001,Z2,,,100,,2000,,5300013082.0,0.0,1.0,21,080600000,ST,0
489,00400982,2000,,0,,,,F,72.0,206,206.0,Z012,Z7,,,1000,,3000,3000.0,5300217144.0,0.0,1.0,35,010301000,MM,0
973,00360688,706261,,0,,,,F,,264,264.0,Z010,Y4,,,100,E11,2100,,5300185319.0,0.0,1.0,21,140100000,ST,0
356,00260086,2000,,0,,,,F,40.0,264,264.0,Z008,Z2,,,100,,3000,3000.0,5300205605.0,0.0,1.0,140,140700000,ST,0
896,34252800,2100,,0,,,,F,41.0,224,224.0,Z012,Z4,20.0,6762.0,1,,3000,3000.0,5300405678.0,0.0,1.0,42,010401000,ST,0
395,95153101,2000,,0,,,,F,40.0,252,252.0,Z012,Z4,,,1,,3000,3000.0,5300307158.0,0.0,1.0,999,550100000,ST,0
906,28242501,2000,,0,,,,F,40.0,223,223.0,Z012,Z1,,,100,,3000,3000.0,5300264823.0,0.0,1.0,999,10102000,ST,0
464,60018973,2100,,0,,,,F,41.0,203,203.0,Z012,Z1,40.0,88475.0,1,,3000,2000.0,5300418259.0,0.0,1.0,56,070200000,ST,0
536,96163066,700000,,0,,,,F,,223,223.0,Z001,V3,,,100,E19,2100,,5300167241.0,0.0,1.0,999,550100000,ST,0
705,23051102,2100,,0,,,,F,41.0,215,215.0,Z001,Y4,30.0,9.0,100,E14,2000,2000.0,5300197285.0,0.0,1.0,3,100202000,ST,0
82,00360751,706261,,0,,,,F,,264,264.0,Z010,Y4,,,100,E11,2100,,5300121477.0,0.0,1.0,21,140100000,ST,0
958,23585005UB,2000,,0,,,,F,40.0,223,223.0,Z012,Z1,,,100,,3000,3000.0,5300235220.0,0.0,1.0,999,10102000,ST,0
883,28145204UB,2000,,0,,,,F,40.0,223,223.0,Z012,Z4,,,1,,3000,3000.0,5300263112.0,0.0,1.0,35,10103000,ST,0
339,24936908,2000,,0,,,,F,40.0,989,989.0,Z012,Z1,,,100,,3000,3000.0,5300256077.0,0.0,1.0,999,10102000,ST,0
19,35190350,2100,,0,,,,F,41.0,224,224.0,Z012,Z4,,,1,,3000,3000.0,5300199911.0,0.0,1.0,42,010403000,ST,0
357,00386188,708008,,0,,,,F,,703,703.0,Z008,Y2,,,100,E11,2100,,5300183799.0,0.0,1.0,14,120000000,ST,0
368,00200081,700417,,0,,,,F,,707,707.0,Z003,Y4,370.0,8389.0,1,E13,2800,,5300002646.0,0.0,1.0,21,140000000,ST,0
61,28280717,2000,,0,,,,F,40.0,223,223.0,Z012,Z1,,,100,,3000,3000.0,5300265061.0,0.0,1.0,999,010103000,ST,0
477,60028167,702584,,0,,,,F,,276,276.0,Z012,Y4,180.0,128088.0,1,E13,3000,,5300383653.0,0.0,1.0,280,070600000,ST,0
49,30960012,1900,,0,,,,F,,272,272.0,Z012,Y4,,,1,E11,3000,,5300136925.0,0.0,1.0,21,550100000,ST,0
700,60044017,2100,,0,,,,F,41.0,224,224.0,Z012,Z5,,,1,,3000,3000.0,5300420488.0,0.0,1.0,42,010401000,ST,0
854,82015643,700049,,0,,,,F,,998,998.0,Z001,Z1,,,100,,2100,,5300176290.0,0.0,1.0,42,110000000,ST,0
745,00400325,702533,,0,,,,F,,206,206.0,Z001,Z7,,,1000,,2100,,5300017566.0,0.0,1.0,14,010303000,MM,0
401,00360328,706261,,0,,,,F,,264,264.0,Z010,Y4,50.0,192.0,100,E11,2100,,5300178207.0,0.0,1.0,28,140100000,ST,0
54,00130766,700049,,0,,,,F,,203,203.0,Z011,Y5,,,1,E11,2000,,5300074933.0,0.0,1.0,84,070200000,ST,0
384,00311461UB,2000,,0,,,,F,40.0,203,203.0,Z001,Y6,,,1,E15,2100,2100.0,5300208934.0,0.0,1.0,210,30203000,ST,0
915,00330821,708181,,0,,,,F,30.0,233,233.0,Z001,Y2,,,1,E13,2000,,5300135993.0,3.0,1.0,112,110400000,ST,0
148,60080757,2000,,0,,,,F,40.0,224,224.0,Z012,Z5,,,100,,3000,3000.0,5300464653.0,0.0,1.0,10,010100000,ST,0
709,95194013UB,2000,,0,,,,F,40.0,205,205.0,Z012,Z1,,,1,,3000,3000.0,5300313922.0,0.0,1.0,999,10401000,ST,0
96,00423296,2000,,0,,,,F,40.0,223,223.0,Z012,Z1,,,1,,3000,3000.0,5300219662.0,0.0,1.0,999,10103000,ST,0
