,Material number,Supplier,Contract,Contract Position,Fulfillment time,Fixed contract 1,Fixed contract 2,Procurement type,Special procurement type,Dispatcher,Buyer,Purchasing group,Purchasing lot size,Total quantity,Total value,Price unit,Calendar,Plant,Plant information record,Information record number,Information record type,Plant processing time,Material master time,Product group,Base unit
29,95194023,712009,5500003451.0,20,14.0,14.0,112.0,F,,715,715.0,Z001,Y9,36940.0,391579.0,100,E13,2000,,5300194607.0,0.0,1.0,14,90400000,ST
35,00370453,700020,,0,,,,F,,708,708.0,Z011,X4,,,100,E20,2100,,5300003771.0,0.0,1.0,12,140100000,ST
68,00400053,702533,,0,,,,F,,206,206.0,Z002,Z7,,,1000,,2000,,5300016012.0,0.0,1.0,14,010201000,MM
76,00401285,702533,,0,,,,F,,206,206.0,Z001,Z1,,,1000,,2000,,5300171647.0,0.0,1.0,20,010302000,MM
92,60018843,701863,4600012862.0,10,84.0,,,F,,215,215.0,Z001,Z3,2390.0,602953.0,1,,2100,,5300380189.0,0.0,1.0,84,80400000,ST
148,60080757,2000,,0,,,,F,40.0,224,224.0,Z012,Z5,,,100,,3000,3000.0,5300464653.0,0.0,1.0,10,010100000,ST
188,00110614,703351,,0,,,,F,,203,203.0,Z001,Z1,,,1,,2100,,5300004001.0,0.0,15.0,14,070600000,ST
228,28181900UB,700585,4600012585.0,10,84.0,,,F,,203,203.0,Z010,Y5,80.0,62712.0,1,E14,3000,,5300084186.0,0.0,1.0,14,10401000,ST
230,00400090,702533,,0,,,,F,,206,206.0,Z001,Z7,,,1000,,2000,,5300016370.0,0.0,1.0,14,010201000,MM
261,270237,703564,,0,,,,F,,203,203.0,Z001,Z1,,,1,,2100,,5300033991.0,0.0,40.0,112,060200000,ST
281,00350787,701806,5500003585.0,10,4.0,4.0,60.0,F,,708,708.0,Z011,V5,9030.0,3139.0,100,E98,2000,,5300391586.0,0.0,2.0,4,140200000,ST
285,00130062,703568,,0,,,,F,,203,203.0,Z001,Z1,,,1,,2100,,5300010933.0,0.0,15.0,84,070200000,ST
324,00240245,704239,5500005435.0,10,60.0,60.0,183.0,F,,708,708.0,Z011,Y5,1260.0,464926.0,1,E13,2100,,5300143131.0,0.0,1.0,360,90200000,ST
353,04005135,701112,,0,,,,F,,272,272.0,Z012,Z2,90.0,14373.0,1000,,3000,,5300119991.0,0.0,1.0,28,110100000,ST
392,00370020,700020,,0,,,,F,,708,708.0,Z011,X4,,,100,E20,3000,,5300020170.0,0.0,1.0,12,140100000,ST
402,00310668,700095,,0,,,,F,,203,203.0,Z001,Y5,2410.0,247231.0,1,E11,3000,,5300003305.0,0.0,10.0,70,030202000,ST
427,60024860,709741,5500005523.0,10,42.0,42.0,42.0,F,30.0,713,713.0,Z008,V9,,,1,E18,2000,,5300386627.0,3.0,1.0,42,10402000,ST
489,00400982,2000,,0,,,,F,72.0,206,206.0,Z012,Z7,,,1000,,3000,3000.0,5300217144.0,0.0,1.0,35,010301000,MM
492,00350865,700020,,0,,,,F,,708,708.0,Z011,X4,,,100,E20,2100,,5300133387.0,0.0,1.0,12,140200000,ST
514,00346471,2000,,0,,,,F,40.0,215,215.0,Z001,Y5,3190.0,22968141.0,1,E13,2100,3000.0,5300145913.0,0.0,1.0,2,080300000,ST
517,24150502,701528,4600008927.0,10,56.0,,,F,,233,233.0,Z011,Y4,1130.0,241705.0,1,E14,3000,,5300076415.0,0.0,1.0,84,60100000,ST
562,C1027505,700095,,0,,,,F,,203,203.0,Z001,Z1,,,1,,2000,,5300048234.0,0.0,20.0,56,030202000,ST
576,24596806,2000,,0,,,,F,40.0,206,206.0,Z012,Z1,33900.0,856176.0,100,,3000,3000.0,5300183589.0,0.0,1.0,120,100200000,ST
583,00360645,701806,,0,,,,F,,208,208.0,Z011,V4,8340.0,1877.0,100,E98,3000,,5300173953.0,0.0,2.0,13,140100000,ST
590,00400428,700464,,0,,,,F,,206,206.0,Z001,Z1,,,1000,,2100,,5300018272.0,0.0,1.0,14,010301000,MM
595,60054443,2100,,0,,,,F,41.0,215,215.0,Z001,Z3,23050.0,8059074.0,1,,2000,2000.0,5300497768.0,0.0,1.0,2,080400000,ST
615,00370027,700020,,0,,,,F,,208,208.0,Z011,X4,9930.0,616.0,100,E20,2000,,5300020219.0,0.0,1.0,12,140100000,ST
650,00384088,708008,,0,,,,F,,703,703.0,Z008,Y2,,,1000,E11,2000,,5300126891.0,0.0,1.0,14,120000000,MM
651,00401703,703555,,0,,,,F,,203,203.0,Z001,Z1,,,1,,2100,,5300020315.0,0.0,40.0,98,131000000,ST
708,60036215,700535,,0,,,,F,,233,233.0,Z011,Z1,320.0,4116176.0,1,,2000,,5300387136.0,0.0,1.0,21,110400000,ST
725,00400123,700464,,0,,,,F,,206,206.0,Z001,Z1,,,1000,,2100,,5300016724.0,0.0,1.0,14,010201000,MM
726,9001131,703564,,0,,,,F,,203,203.0,Z001,Z1,,,1,,2100,,5300053346.0,0.0,40.0,112,130700000,ST
730,00402009,703535,,0,,,,F,,203,203.0,Z002,Z2,,,1,,2000,,5300020907.0,0.0,40.0,49,131000000,ST
745,00400325,702533,,0,,,,F,,206,206.0,Z001,Z7,,,1000,,2100,,5300017566.0,0.0,1.0,14,010303000,MM
753,60096740,2000,,0,,,,F,40.0,224,224.0,Z012,Z5,,,100,,3000,3000.0,5300500261.0,0.0,1.0,10,10102000,ST
758,00370142,700020,,0,,,,F,,208,208.0,Z011,X4,37010.0,39356.0,100,E20,2000,,5300001459.0,0.0,1.0,12,140100000,ST
827,23464602,703558,,0,,,,F,,203,203.0,Z001,Z1,,,1,,2000,,5300028944.0,0.0,40.0,84,060100000,ST
845,60095768,2000,,0,,,,F,40.0,224,224.0,Z012,Z5,,,100,,3000,3000.0,5300500192.0,0.0,1.0,10,00,ST
878,30020645,700151,,0,,,,F,40.0,233,233.0,Z011,Y4,,,1000,E15,2100,,5300191359.0,0.0,1.0,3,060100000,ST
911,95194054,714899,,0,,,,F,,213,213.0,Z008,Y6,11960.0,785155.0,1,E14,2000,,5300442627.0,0.0,1.0,56,010401000,ST
919,60097885,2000,,0,,,,F,40.0,224,224.0,Z012,Z5,,,100,,3000,3000.0,5300502522.0,0.0,1.0,10,060000000,ST
937,60015272,700230,5500002573.0,20,14.0,14.0,84.0,F,,715,715.0,Z001,Y5,19130.0,82607.0,100,E14,2000,,5300363604.0,0.0,1.0,14,100202000,ST
945,00370580,701806,5500000463.0,10,4.0,4.0,60.0,F,,708,708.0,Z011,V5,10580.0,16782.0,100,E98,2000,,5300174173.0,0.0,2.0,4,140100000,ST
